{
  "formatVersion": 1,
  "database": {
    "version": 1,
    "identityHash": "803253a5b56d65a7e0b1c4900298c9b8",
    "entities": [
      {
        "tableName": "task_entity",
        "createSql": "CREATE TABLE IF NOT EXISTS `${TABLE_NAME}` (`nombre` TEXT NOT NULL, `items` TEXT NOT NULL, `checks` TEXT NOT NULL, PRIMARY KEY(`nombre`))",
        "fields": [
          {
            "fieldPath": "nombre",
            "columnName": "nombre",
            "affinity": "TEXT",
            "notNull": true
          },
          {
            "fieldPath": "items",
            "columnName": "items",
            "affinity": "TEXT",
            "notNull": true
          },
          {
            "fieldPath": "checks",
            "columnName": "checks",
            "affinity": "TEXT",
            "notNull": true
          }
        ],
        "primaryKey": {
          "columnNames": [
            "nombre"
          ],
          "autoGenerate": false
        },
        "indices": [],
        "foreignKeys": []
      }
    ],
    "views": [],
    "setupQueries": [
      "CREATE TABLE IF NOT EXISTS room_master_table (id INTEGER PRIMARY KEY,identity_hash TEXT)",
      "INSERT OR REPLACE INTO room_master_table (id,identity_hash) VALUES(42, \"803253a5b56d65a7e0b1c4900298c9b8\")"
    ]
  }
}